{
	"class_name" : "PinholeCameraParameters",
	"extrinsic" : 
	[
		1.0,
		-0.0,
		-0.0,
		0.0,
		0.0,
		-1.0,
		-0.0,
		0.0,
		0.0,
		-0.0,
		-1.0,
		0.0,
		1.823405818952216,
		2.1067868962306804,
		9.7902013762139681,
		1.0
	],
	"intrinsic" : 
	{
		"height" : 904,
		"intrinsic_matrix" : 
		[
			782.8869650211326,
			0.0,
			0.0,
			0.0,
			782.8869650211326,
			0.0,
			816.0,
			451.5,
			1.0
		],
		"width" : 1633
	},
	"version_major" : 1,
	"version_minor" : 0
}